{
  "eval_confusion_matrix": [
    [
      803,
      279,
      112,
      154
    ],
    [
      611,
      221,
      84,
      169
    ],
    [
      485,
      210,
      93,
      137
    ],
    [
      387,
      139,
      78,
      221
    ]
  ],
  "eval_f1_macro": 0.27698367137711427,
  "eval_f1_micro": 0.31986612479082,
  "eval_f1_weighted": 0.291416800452778
}
